{"cameraMode":{"drawMode":0,"name":"Shaded","section":"Shading Mode"},"sceneLighting":false,"audioPlay":false,"sceneViewState":{"m_AlwaysRefresh":false,"showFog":true,"showSkybox":false,"showFlares":true,"showImageEffects":true,"showParticleSystems":true,"showVisualEffectGraphs":true,"m_FxEnabled":true},"in2DMode":false,"pivot":{"x":-0.19767773151397706,"y":1.1956102848052979,"z":-0.07188069820404053},"rotation":{"x":-0.36595311760902407,"y":0.21593746542930604,"z":-0.08770886063575745,"w":-0.9009993672370911},"size":1.2625824213027955,"orthographic":false}