{"cameraMode":{"drawMode":0,"name":"Shaded","section":"Shading Mode"},"sceneLighting":false,"audioPlay":false,"sceneViewState":{"m_AlwaysRefresh":false,"showFog":true,"showSkybox":false,"showFlares":true,"showImageEffects":true,"showParticleSystems":true,"showVisualEffectGraphs":true,"m_FxEnabled":true},"in2DMode":false,"pivot":{"x":3.6022486686706545,"y":0.8050000667572022,"z":-7.109525203704834},"rotation":{"x":-0.14550475776195527,"y":0.18991068005561829,"z":-0.028469081968069078,"w":-0.9705643653869629},"size":2.4508121013641359,"orthographic":false}