{"cameraMode":{"drawMode":0,"name":"Shaded","section":"Shading Mode"},"sceneLighting":false,"audioPlay":false,"sceneViewState":{"m_AlwaysRefresh":false,"showFog":true,"showSkybox":false,"showFlares":true,"showImageEffects":true,"showParticleSystems":true,"showVisualEffectGraphs":true,"m_FxEnabled":true},"in2DMode":false,"pivot":{"x":-0.024929046630859376,"y":0.8623975515365601,"z":0.046887338161468509},"rotation":{"x":-0.36595311760902407,"y":0.21593746542930604,"z":-0.08770886063575745,"w":-0.9009993672370911},"size":1.356750249862671,"orthographic":false}