{"cameraMode":{"drawMode":0,"name":"Shaded","section":"Shading Mode"},"sceneLighting":true,"audioPlay":false,"sceneViewState":{"m_AlwaysRefresh":false,"showFog":true,"showSkybox":true,"showFlares":true,"showImageEffects":true,"showParticleSystems":true,"showVisualEffectGraphs":true,"m_FxEnabled":true},"in2DMode":false,"pivot":{"x":-0.13129115104675294,"y":-0.8799476623535156,"z":-11.585762023925782},"rotation":{"x":-0.1529817283153534,"y":0.12390655279159546,"z":-0.019318195059895517,"w":-0.9802748560905457},"size":8.317895889282227,"orthographic":false}