{"cameraMode":{"drawMode":0,"name":"Shaded","section":"Shading Mode"},"sceneLighting":true,"audioPlay":false,"sceneViewState":{"m_AlwaysRefresh":false,"showFog":true,"showSkybox":true,"showFlares":true,"showImageEffects":true,"showParticleSystems":true,"showVisualEffectGraphs":true,"m_FxEnabled":true},"in2DMode":false,"pivot":{"x":-12.518732070922852,"y":17.530803680419923,"z":29.202980041503908},"rotation":{"x":-0.2292744517326355,"y":-0.28021571040153506,"z":0.06911559402942658,"w":-0.9296159744262695},"size":3.7293946743011476,"orthographic":false}